{"version": "2.2.10", "architecture": "phonetisaurus", "train_date": "2023-04-29 21:03:30.294632", "phones": ["a1", "a2", "a3", "a4", "a5", "a6", "aa1", "aa2", "aa3", "aa4", "aa5", "aa6", "aw1", "aw2", "aw3", "aw4", "aw5", "aw6", "b", "ch", "chz", "d", "dd", "e1", "e2", "e3", "e4", "e5", "e6", "ee1", "ee2", "ee3", "ee4", "ee5", "ee6", "g", "h", "i1", "i2", "i3", "i4", "i5", "i6", "ie1", "ie2", "ie3", "ie4", "ie5", "ie6", "iz1", "iz2", "iz3", "iz4", "iz5", "iz6", "k", "kc", "kh", "l", "m", "mc", "n", "nc", "ng", "ngz", "nh", "nhz", "o1", "o2", "o3", "o4", "o5", "o6", "oo1", "oo2", "oo3", "oo4", "oo5", "oo6", "ooo1", "ooo2", "ooo3", "ooo4", "ooo5", "ooo6", "ow1", "ow2", "ow3", "ow4", "ow5", "ow6", "oz1", "oz2", "oz3", "oz4", "oz5", "oz6", "p", "pc", "ph", "r", "t", "tc", "th", "tr", "u1", "u2", "u3", "u4", "u5", "u6", "uo1", "uo2", "uo3", "uo4", "uo5", "uo6", "uw1", "uw2", "uw3", "uw4", "uw5", "uw6", "uz1", "uz2", "uz3", "uz4", "uz5", "uz6", "v", "w", "wa1", "wa2", "wa3", "wa4", "wa5", "wa6", "x"], "graphemes": ["k", "n", "\u1ef7", "\u00f3", "\u1ed5", "\u00f5", "\u1ee7", "a", "\u1ecb", "\u1ee3", "8", "\u00e3", "g", "j", "\u1ea5", "\u1edf", "\u1ee1", "\u01a1", "\u00fd", "u", "\u1ef1", "\u1ec1", "h", "\u1ec9", "4", "v", "\u00e0", "5", "\u00fa", "3", "\u00f4", "\u00ec", "\u1eab", "i", "\u0129", "\u1eb5", "\u1eb7", "\u1ea7", "o", "c", "\u1ebf", "2", "\u1ea1", "\u1ecd", "\u1ec7", "\u00e1", "\u00e2", "\u1ed7", "\u1ebd", "\u1ecf", "z", "\u1eb9", "\u1ef5", "\u1eef", "\u1ec5", "q", "9", "\u1eed", "\u00e4", "\u1ec3", "m", "\u00e9", "\u1ed3", "\u00f6", "\u00f2", "\u00ea", "\u1ed9", "p", "s", "w", "\u1ead", "\u1eaf", "7", "b", "\u1edb", "\u1ef9", "6", "t", "\u0103", "\u1ebb", "x", "\u1eb1", "\u1ef3", "\u0169", "y", "e", "0", "\u1ee9", "l", "\u1eeb", "\u1edd", "\u1ed1", "\u00fc", "\u00ed", "\u1eb3", "\u0111", "\u1ea3", "d", "\u00f9", "\u01b0", "1", "\u1ee5", "f", "\u00e8", "\u1ea9", "r"], "grapheme_order": 2, "phone_order": 2, "sequence_separator": "|", "evaluation": {"num_words": 4487, "word_error_rate": null, "phone_error_rate": null}, "training": {"num_words": 40390, "num_graphemes": 106, "num_phones": 138}}