{"version": "2.2.10", "architecture": "phonetisaurus", "train_date": "2023-04-29 21:09:02.860883", "phones": ["a1", "a2", "a3", "a4", "a5", "a6", "aa1", "aa2", "aa3", "aa4", "aa5", "aa6", "aw1", "aw2", "aw3", "aw4", "aw5", "aw6", "b", "ch", "chz", "d", "dd", "e1", "e2", "e3", "e4", "e5", "e6", "ee1", "ee2", "ee3", "ee4", "ee5", "ee6", "g", "h", "i1", "i2", "i3", "i4", "i5", "i6", "ie1", "ie2", "ie3", "ie4", "ie5", "ie6", "iz1", "iz2", "iz3", "iz4", "iz5", "iz6", "k", "kc", "kh", "l", "m", "mc", "n", "nc", "ng", "ngz", "nh", "nhz", "o1", "o2", "o3", "o4", "o5", "o6", "oo1", "oo2", "oo3", "oo4", "oo5", "oo6", "ooo1", "ooo2", "ooo3", "ooo4", "ooo5", "ooo6", "ow1", "ow2", "ow3", "ow4", "ow5", "ow6", "oz1", "oz2", "oz3", "oz4", "oz5", "oz6", "p", "pc", "ph", "r", "t", "tc", "th", "tr", "u1", "u2", "u3", "u4", "u5", "u6", "uo1", "uo2", "uo3", "uo4", "uo5", "uo6", "uw1", "uw2", "uw3", "uw4", "uw5", "uw6", "uz1", "uz2", "uz3", "uz4", "uz5", "uz6", "v", "w", "wa1", "wa2", "wa3", "wa4", "wa5", "wa6", "x"], "graphemes": ["\u00e8", "\u00f4", "\u1ed5", "n", "l", "\u1edf", "\u1ea5", "u", "\u1eb1", "\u1ea1", "\u1eef", "\u1ec9", "\u1ee9", "\u00f5", "\u1ecf", "\u1ebf", "q", "x", "\u1ef5", "\u00ed", "\u00f9", "\u1ebd", "\u1ee1", "s", "\u1ec1", "\u0111", "\u1ed7", "\u0103", "\u00e1", "i", "\u1eed", "\u1ec7", "e", "\u1ee3", "\u00e0", "\u00ec", "h", "y", "\u00fa", "m", "c", "\u01a1", "\u1eb3", "\u00f3", "\u1ee7", "\u1ec5", "\u1ef1", "t", "\u00e9", "z", "\u01b0", "\u1ea7", "v", "\u00f2", "\u1ed1", "k", "\u1edd", "a", "\u1ef3", "p", "\u0169", "\u1ebb", "\u1ee5", "\u1ea9", "\u1ecd", "b", "\u1eb9", "\u1eab", "\u1ecb", "\u1eb7", "\u1ead", "\u00e3", "\u1ef9", "o", "\u1eb5", "\u1eeb", "r", "\u1ea3", "\u1edb", "\u1eaf", "\u1ed3", "\u0129", "\u00ea", "\u1ec3", "g", "d", "\u00fd", "\u1ef7", "\u1ed9", "\u00e2"], "grapheme_order": 2, "phone_order": 2, "sequence_separator": "|", "evaluation": {"num_words": 1816, "word_error_rate": null, "phone_error_rate": null}, "training": {"num_words": 16370, "num_graphemes": 90, "num_phones": 138}}